date,SPY,CASH
2007-01-31,143.75,100.0
2007-02-28,140.93,100.0833
2007-03-30,142.0,100.1667
2007-04-30,148.29,100.2502
2007-05-31,153.32,100.3338
2007-06-29,150.43,100.4174
2007-07-31,145.72,100.501
2007-08-31,147.59,100.5848
2007-09-28,152.58,100.6686
2007-10-31,154.65,100.7525
2007-11-30,148.66,100.8365
2007-12-31,146.21,100.9205
2008-01-31,137.37,101.0046
2008-02-29,133.82,101.0888
2008-03-31,131.97,101.173
2008-04-30,138.26,101.2573
2008-05-30,140.35,101.3417
2008-06-30,127.98,101.4262
2008-07-31,126.83,101.5107
2008-08-29,128.79,101.5953
2008-09-30,115.99,101.6799
2008-10-31,96.83,101.7647
2008-11-28,90.09,101.8495
2008-12-31,90.24,101.9343
2009-01-30,82.83,102.0193
2009-02-27,73.93,102.1043
2009-03-31,79.52,102.1894
2009-04-30,87.42,102.2745
2009-05-29,92.53,102.3598
2009-06-30,91.95,102.4451
2009-07-31,98.81,102.5304
2009-08-31,102.46,102.6159
2009-09-30,105.59,102.7014
2009-10-30,103.56,102.787
2009-11-30,109.94,102.8726
2009-12-31,111.44,102.9584
